﻿-- MySQL dump 10.13  Distrib 5.7.21, for Win64 (x86_64)
--
-- Host: localhost    Database: proviamo
-- ------------------------------------------------------
-- Server version	5.7.21-log

/*!40101 SET @OLD_CHARACTER_SET_CLIENT=@@CHARACTER_SET_CLIENT */;
/*!40101 SET @OLD_CHARACTER_SET_RESULTS=@@CHARACTER_SET_RESULTS */;
/*!40101 SET @OLD_COLLATION_CONNECTION=@@COLLATION_CONNECTION */;
/*!40101 SET NAMES utf8 */;
/*!40103 SET @OLD_TIME_ZONE=@@TIME_ZONE */;
/*!40103 SET TIME_ZONE='+00:00' */;
/*!40014 SET @OLD_UNIQUE_CHECKS=@@UNIQUE_CHECKS, UNIQUE_CHECKS=0 */;
/*!40014 SET @OLD_FOREIGN_KEY_CHECKS=@@FOREIGN_KEY_CHECKS, FOREIGN_KEY_CHECKS=0 */;
/*!40101 SET @OLD_SQL_MODE=@@SQL_MODE, SQL_MODE='NO_AUTO_VALUE_ON_ZERO' */;
/*!40111 SET @OLD_SQL_NOTES=@@SQL_NOTES, SQL_NOTES=0 */;

--
-- Table structure for table `admins`
--

DROP TABLE IF EXISTS `admins`;
/*!40101 SET @saved_cs_client     = @@character_set_client */;
/*!40101 SET character_set_client = utf8 */;
CREATE TABLE `admins` (
  `idGroup` int(11) NOT NULL,
  `idUser` int(11) NOT NULL,
  `created_at` timestamp NULL DEFAULT NULL,
  `updated_at` timestamp NULL DEFAULT NULL
) ENGINE=InnoDB DEFAULT CHARSET=utf8mb4 COLLATE=utf8mb4_unicode_ci;
/*!40101 SET character_set_client = @saved_cs_client */;

--
-- Dumping data for table `admins`
--

LOCK TABLES `admins` WRITE;
/*!40000 ALTER TABLE `admins` DISABLE KEYS */;
INSERT INTO `admins` VALUES (2,4,NULL,NULL),(2,2,NULL,NULL),(3,5,NULL,NULL),(4,11,NULL,NULL),(1,11,NULL,NULL),(1,13,NULL,NULL);
/*!40000 ALTER TABLE `admins` ENABLE KEYS */;
UNLOCK TABLES;

--
-- Table structure for table `groups`
--

DROP TABLE IF EXISTS `groups`;
/*!40101 SET @saved_cs_client     = @@character_set_client */;
/*!40101 SET character_set_client = utf8 */;
CREATE TABLE `groups` (
  `idGroup` int(10) unsigned NOT NULL AUTO_INCREMENT,
  `nomeGruppo` varchar(191) COLLATE utf8mb4_unicode_ci NOT NULL,
  `descrizioneGruppo` varchar(191) COLLATE utf8mb4_unicode_ci DEFAULT NULL,
  `immagineGruppo` varchar(191) COLLATE utf8mb4_unicode_ci DEFAULT NULL,
  `tipoVisibilita` tinyint(1) NOT NULL,
  `created_at` timestamp NULL DEFAULT NULL,
  `updated_at` timestamp NULL DEFAULT NULL,
  PRIMARY KEY (`idGroup`),
  UNIQUE KEY `groups_nomegruppo_unique` (`nomeGruppo`)
) ENGINE=InnoDB AUTO_INCREMENT=5 DEFAULT CHARSET=utf8mb4 COLLATE=utf8mb4_unicode_ci;
/*!40101 SET character_set_client = @saved_cs_client */;

--
-- Dumping data for table `groups`
--

LOCK TABLES `groups` WRITE;
/*!40000 ALTER TABLE `groups` DISABLE KEYS */;
INSERT INTO `groups` VALUES (1,'Data Mining Researchers','Group for DMR @ UniBA','U04VOfeLl42PsDmfYA1bcIaOipTEgKdOhak2nMsn.jpeg',1,'2018-02-09 06:19:41','2018-02-09 06:19:41'),(2,'Interacion Visualization Usability and UX','IVU Research Lab UniBa',NULL,0,'2018-02-09 06:27:59','2018-02-09 06:27:59'),(3,'DataMiningGroup','Gruppo di ricercatori che condividono l\'interesse per la sintesi di modelli e metodi di data mining',NULL,1,'2018-02-09 09:26:02','2018-02-09 09:26:02'),(4,'IVU','Interaction Visualization Usability & UX Lab','LsdPMN8bM3JIMwnw6j5CQu17g3STRQ1LeujmCjwH.jpeg',1,'2018-02-11 17:13:12','2018-02-11 17:13:12');
/*!40000 ALTER TABLE `groups` ENABLE KEYS */;
UNLOCK TABLES;

--
-- Table structure for table `groupspublications`
--

DROP TABLE IF EXISTS `groupspublications`;
/*!40101 SET @saved_cs_client     = @@character_set_client */;
/*!40101 SET character_set_client = utf8 */;
CREATE TABLE `groupspublications` (
  `idUser` int(11) NOT NULL,
  `idGroup` int(11) NOT NULL,
  `idPublication` int(11) NOT NULL,
  `descrizione` varchar(191) COLLATE utf8mb4_unicode_ci NOT NULL,
  `dataoraGP` timestamp NOT NULL DEFAULT CURRENT_TIMESTAMP ON UPDATE CURRENT_TIMESTAMP,
  `created_at` timestamp NULL DEFAULT NULL,
  `updated_at` timestamp NULL DEFAULT NULL,
  PRIMARY KEY (`idUser`,`idGroup`,`idPublication`)
) ENGINE=InnoDB DEFAULT CHARSET=utf8mb4 COLLATE=utf8mb4_unicode_ci;
/*!40101 SET character_set_client = @saved_cs_client */;

--
-- Dumping data for table `groupspublications`
--

LOCK TABLES `groupspublications` WRITE;
/*!40000 ALTER TABLE `groupspublications` DISABLE KEYS */;
INSERT INTO `groupspublications` VALUES (1,1,1,'','2018-02-09 07:20:07',NULL,NULL),(2,2,2,'','2018-02-11 17:39:26',NULL,NULL),(4,2,62,'','2018-02-09 07:29:22',NULL,NULL),(4,2,63,'','2018-02-09 07:29:24',NULL,NULL),(4,2,65,'','2018-02-09 07:29:26',NULL,NULL),(4,2,66,'','2018-02-09 07:29:28',NULL,NULL),(4,2,67,'','2018-02-09 07:29:32',NULL,NULL),(5,3,93,'community detection','2018-02-09 10:27:22',NULL,NULL),(5,3,105,'anomaly detection in applicazioni del settore aerospazio','2018-02-09 10:28:01',NULL,NULL),(11,1,126,'','2018-02-12 19:23:56',NULL,NULL),(11,4,126,'','2018-02-12 07:55:10',NULL,NULL);
/*!40000 ALTER TABLE `groupspublications` ENABLE KEYS */;
UNLOCK TABLES;

--
-- Table structure for table `migrations`
--

DROP TABLE IF EXISTS `migrations`;
/*!40101 SET @saved_cs_client     = @@character_set_client */;
/*!40101 SET character_set_client = utf8 */;
CREATE TABLE `migrations` (
  `id` int(10) unsigned NOT NULL AUTO_INCREMENT,
  `migration` varchar(191) COLLATE utf8mb4_unicode_ci NOT NULL,
  `batch` int(11) NOT NULL,
  PRIMARY KEY (`id`)
) ENGINE=InnoDB AUTO_INCREMENT=9 DEFAULT CHARSET=utf8mb4 COLLATE=utf8mb4_unicode_ci;
/*!40101 SET character_set_client = @saved_cs_client */;

--
-- Dumping data for table `migrations`
--

LOCK TABLES `migrations` WRITE;
/*!40000 ALTER TABLE `migrations` DISABLE KEYS */;
INSERT INTO `migrations` VALUES (1,'2014_10_12_000000_create_users_table',1),(2,'2014_10_12_100000_create_password_resets_table',1),(3,'2018_01_13_092407_create_publications_table',1),(4,'2018_01_15_105901_create_groups_table',1),(5,'2018_01_15_110552_create_usersgroups_table',1),(6,'2018_01_15_110928_create_participationrequests_table',1),(7,'2018_01_15_111107_create_admins_table',1),(8,'2018_01_15_111714_create_groupspublications_table',1);
/*!40000 ALTER TABLE `migrations` ENABLE KEYS */;
UNLOCK TABLES;

--
-- Table structure for table `participationrequests`
--

DROP TABLE IF EXISTS `participationrequests`;
/*!40101 SET @saved_cs_client     = @@character_set_client */;
/*!40101 SET character_set_client = utf8 */;
CREATE TABLE `participationrequests` (
  `idGroup` int(11) NOT NULL,
  `idUser` int(11) NOT NULL,
  `fromAdmin` tinyint(1) NOT NULL,
  `created_at` timestamp NULL DEFAULT NULL,
  `updated_at` timestamp NULL DEFAULT NULL
) ENGINE=InnoDB DEFAULT CHARSET=utf8mb4 COLLATE=utf8mb4_unicode_ci;
/*!40101 SET character_set_client = @saved_cs_client */;

--
-- Dumping data for table `participationrequests`
--

LOCK TABLES `participationrequests` WRITE;
/*!40000 ALTER TABLE `participationrequests` DISABLE KEYS */;
INSERT INTO `participationrequests` VALUES (1,3,1,NULL,NULL),(4,12,1,NULL,NULL);
/*!40000 ALTER TABLE `participationrequests` ENABLE KEYS */;
UNLOCK TABLES;

--
-- Table structure for table `password_resets`
--

DROP TABLE IF EXISTS `password_resets`;
/*!40101 SET @saved_cs_client     = @@character_set_client */;
/*!40101 SET character_set_client = utf8 */;
CREATE TABLE `password_resets` (
  `email` varchar(191) COLLATE utf8mb4_unicode_ci NOT NULL,
  `token` varchar(191) COLLATE utf8mb4_unicode_ci NOT NULL,
  `created_at` timestamp NULL DEFAULT NULL,
  KEY `password_resets_email_index` (`email`)
) ENGINE=InnoDB DEFAULT CHARSET=utf8mb4 COLLATE=utf8mb4_unicode_ci;
/*!40101 SET character_set_client = @saved_cs_client */;

--
-- Dumping data for table `password_resets`
--

LOCK TABLES `password_resets` WRITE;
/*!40000 ALTER TABLE `password_resets` DISABLE KEYS */;
/*!40000 ALTER TABLE `password_resets` ENABLE KEYS */;
UNLOCK TABLES;

--
-- Table structure for table `publications`
--

DROP TABLE IF EXISTS `publications`;
/*!40101 SET @saved_cs_client     = @@character_set_client */;
/*!40101 SET character_set_client = utf8 */;
CREATE TABLE `publications` (
  `id` int(10) unsigned NOT NULL AUTO_INCREMENT,
  `titolo` text COLLATE utf8mb4_unicode_ci NOT NULL,
  `dataPubblicazione` year(4) NOT NULL,
  `pdf` varchar(191) COLLATE utf8mb4_unicode_ci DEFAULT NULL,
  `immagine` varchar(191) COLLATE utf8mb4_unicode_ci DEFAULT NULL,
  `multimedia` varchar(191) COLLATE utf8mb4_unicode_ci DEFAULT NULL,
  `tipo` varchar(191) COLLATE utf8mb4_unicode_ci NOT NULL,
  `visibilita` tinyint(1) NOT NULL,
  `tags` varchar(191) COLLATE utf8mb4_unicode_ci DEFAULT NULL,
  `descrizione` varchar(191) COLLATE utf8mb4_unicode_ci DEFAULT NULL,
  `coautori` text COLLATE utf8mb4_unicode_ci,
  `idUser` int(11) NOT NULL,
  `created_at` timestamp NULL DEFAULT NULL,
  `updated_at` timestamp NULL DEFAULT NULL,
  PRIMARY KEY (`id`)
) ENGINE=InnoDB AUTO_INCREMENT=192 DEFAULT CHARSET=utf8mb4 COLLATE=utf8mb4_unicode_ci;
/*!40101 SET character_set_client = @saved_cs_client */;

--
-- Dumping data for table `publications`
--

LOCK TABLES `publications` WRITE;
/*!40000 ALTER TABLE `publications` DISABLE KEYS */;
INSERT INTO `publications` VALUES (1,'Data Mining for new Expert Systems',2017,'YigvPtft2EGKmcNR8qRAW9Ibh0HR77EwFP2ZvcP8.pdf','','','Scientific',1,'data, mining, expert, systems','New researches for Data Mining applied to Expert Systems','Pierpasquale Colagrande, Daniele Monaco',1,'2018-02-09 06:15:57','2018-02-09 06:15:57'),(2,'Empowering End Users to Customize their Smart Environments - Model, Composition Paradigms, and Domain-Specific Tools.',2017,'','','','Journal Articles',1,'','','Giuseppe Desolda, Carmelo Ardito, Maristella Matera, ',2,'2018-02-09 06:23:21','2018-02-09 06:23:21'),(3,'End-user composition of interactive applications through actionable UI components.',2017,'','','','Journal Articles',1,'','','Giuseppe Desolda, Carmelo Ardito, Maria Francesca Costabile, Maristella Matera, ',2,'2018-02-09 06:23:21','2018-02-09 06:23:21'),(4,'Advanced Interaction Paradigms to Define Smart Visit Experiences in the Internet of Things Era.',2017,'','','','Conference and Workshop Papers',1,'','','Carmelo Ardito, Giuseppe Desolda, Rosa Lanzilotti, Alessio Malizia, Maristella Matera, ',2,'2018-02-09 06:23:21','2018-02-09 06:23:21'),(5,'UTAssistant - A Web Platform Supporting Usability Testing in Italian Public Administrations.',2017,'','','','Conference and Workshop Papers',1,'','','Giuseppe Desolda, Giancarlo Gaudino, Rosa Lanzilotti, Stefano Federici, Antonello Cocco, ',2,'2018-02-09 06:23:21','2018-02-09 06:23:21'),(6,'Specification of Complex Logical Expressions for Task Automation - An EUD Approach.',2017,'','','','Conference and Workshop Papers',1,'','','Giuseppe Desolda, Carmelo Ardito, Maristella Matera, ',2,'2018-02-09 06:23:21','2018-02-09 06:23:21'),(7,'Empowering CH Experts to Produce IoT-enhanced Visits.',2017,'','','','Conference and Workshop Papers',1,'','','Carmelo Ardito, Paolo Buono, Giuseppe Desolda, Maristella Matera, ',2,'2018-02-09 06:23:21','2018-02-09 06:23:21'),(8,'SERVE - Smart Ecosystems cReation by Visual dEsign Authoring Internet of Things and Smart Objects Applications.',2016,'','','','Conference and Workshop Papers',1,'','','Carmelo Ardito, Andrea Bellucci, Giuseppe Desolda, Monica Divitini, Simone Mora, ',2,'2018-02-09 06:23:21','2018-02-09 06:23:21'),(9,'A Meta-design Approach to Support Information Access and Manipulation in Virtual Research Environments.',2016,'','','','Conference and Workshop Papers',1,'','','Carmelo Ardito, Maria Francesca Costabile, Giuseppe Desolda, Maristella Matera, Paolo Buono, ',2,'2018-02-09 06:23:21','2018-02-09 06:23:21'),(10,'A Visual Paradigm for Defining Task Automation.',2016,'','','','Conference and Workshop Papers',1,'','','Carmelo Ardito, Giuseppe Desolda, Maristella Matera, ',2,'2018-02-09 06:23:21','2018-02-09 06:23:21'),(11,'Exploiting Visual Notations for Data Exploration - The EFESTO Platform.',2016,'','','','Conference and Workshop Papers',1,'','','Carmelo Ardito, Giuseppe Desolda, Maristella Matera, Maria Francesca Costabile, ',2,'2018-02-09 06:23:21','2018-02-09 06:23:21'),(12,'Distributing the User Interface Logics along Actionable Components - the EFESTO Approach.',2016,'','','','Conference and Workshop Papers',1,'','','Carmelo Ardito, Maristella Matera, Maria Francesca Costabile, Giuseppe Desolda, ',2,'2018-02-09 06:23:21','2018-02-09 06:23:21'),(13,'Supporting professional guides to create personalized visit experiences.',2016,'','','','Conference and Workshop Papers',1,'','','Carmelo Ardito, Maria Francesca Costabile, Giuseppe Desolda, Maristella Matera, ',2,'2018-02-09 06:23:21','2018-02-09 06:23:21'),(14,'End-User Development for the Internet of Things - EFESTO and the 5W Composition Paradigm.',2016,'','','','Conference and Workshop Papers',1,'','','Giuseppe Desolda, Carmelo Ardito, Maristella Matera, ',2,'2018-02-09 06:23:21','2018-02-09 06:23:21'),(15,'Building Data Sources with Linked Open Data to Enrich Mashup Platforms.',2016,'','','','Conference and Workshop Papers',1,'','','Giuseppe Desolda, Maria Francesca Costabile, ',2,'2018-02-09 06:23:22','2018-02-09 06:23:22'),(16,'Proceedings of the First International Workshop on Smart Ecosystems cReation by Visual dEsign co-located with the International Working Conference on Advanced Visual Interfaces (AVI 2016), Bari, Italy, June 07, 2016.',2016,'','','','Editorship',1,'','','Carmelo Ardito, Andrea Bellucci, Giuseppe Desolda, Monica Divitini, Simone Mora, ',2,'2018-02-09 06:23:22','2018-02-09 06:23:22'),(17,'Interaction with Large Displays - A Survey.',2015,'','','','Journal Articles',1,'','','Carmelo Ardito, Paolo Buono, Maria Francesca Costabile, Giuseppe Desolda, ',2,'2018-02-09 06:23:22','2018-02-09 06:23:22'),(18,'DMS2015-26 - Pupils&apos; collaboration around a large display.',2015,'','','','Journal Articles',1,'','','Rosa Lanzilotti, Carmelo Ardito, Maria Francesca Costabile, Antonella De Angeli, Giuseppe Desolda, ',2,'2018-02-09 06:23:22','2018-02-09 06:23:22'),(19,'Pupils&apos; collaboration around a large display.',2015,'','','','Conference and Workshop Papers',1,'','','Rosa Lanzilotti, Carmelo Ardito, Maria Francesca Costabile, Antonella De Angeli, Giuseppe Desolda, ',2,'2018-02-09 06:23:22','2018-02-09 06:23:22'),(20,'EFESTO - A Platform for the End-User Development of Interactive Workspaces for Data Exploration.',2015,'','','','Conference and Workshop Papers',1,'','','Giuseppe Desolda, Carmelo Ardito, Maristella Matera, ',2,'2018-02-09 06:23:22','2018-02-09 06:23:22'),(21,'Making Mashups Actionable Through Elastic Design Principles.',2015,'','','','Conference and Workshop Papers',1,'','','Carmelo Ardito, Maria Francesca Costabile, Giuseppe Desolda, Markus Latzina, Maristella Matera, ',2,'2018-02-09 06:23:22','2018-02-09 06:23:22'),(22,'Hands-on Actionable Mashups.',2015,'','','','Conference and Workshop Papers',1,'','','Carmelo Ardito, Maria Francesca Costabile, Giuseppe Desolda, Markus Latzina, Maristella Matera, ',2,'2018-02-09 06:23:22','2018-02-09 06:23:22'),(23,'Spatial Awareness in Mobile Devices to Compose Data Source - A Utilization Study.',2015,'','','','Conference and Workshop Papers',1,'','','Giuseppe Desolda, Hans-Christian Jetter, ',2,'2018-02-09 06:23:22','2018-02-09 06:23:22'),(24,'Creation and use of service-based Distributed Interactive Workspaces.',2014,'','','','Journal Articles',1,'','','Carmelo Ardito, Paolo Bottoni, Maria Francesca Costabile, Giuseppe Desolda, Maristella Matera, Matteo Picozzi, ',2,'2018-02-09 06:23:22','2018-02-09 06:23:22'),(25,'User-driven visual composition of service-based interactive spaces.',2014,'','','','Journal Articles',1,'','','Carmelo Ardito, Maria Francesca Costabile, Giuseppe Desolda, Rosa Lanzilotti, Maristella Matera, Antonio Piccinno, Matteo Picozzi, ',2,'2018-02-09 06:23:22','2018-02-09 06:23:22'),(26,'Visual composition of data sources by end users.',2014,'','','','Conference and Workshop Papers',1,'','','Carmelo Ardito, Maria Francesca Costabile, Giuseppe Desolda, Rosa Lanzilotti, Maristella Matera, Matteo Picozzi, ',2,'2018-02-09 06:23:22','2018-02-09 06:23:22'),(27,'Visualizing collaborative traces in distributed teams.',2014,'','','','Conference and Workshop Papers',1,'','','Paolo Buono, Giuseppe Desolda, ',2,'2018-02-09 06:23:22','2018-02-09 06:23:22'),(28,'Creation and Use of Service-based Distributed Interactive Workspaces.',2014,'','','','Conference and Workshop Papers',1,'','','Carmelo Ardito, Paolo Bottoni, Maria Francesca Costabile, Giuseppe Desolda, Maristella Matera, Matteo Picozzi, ',2,'2018-02-09 06:23:22','2018-02-09 06:23:22'),(29,'Using Semantic Techniques to Improve Service Composition by End Users.',2014,'','','','Conference and Workshop Papers',1,'','','Giuseppe Desolda, ',2,'2018-02-09 06:23:22','2018-02-09 06:23:22'),(30,'Integrating Traditional Learning and Games on Large Displays - An Experimental Study.',2013,'','','','Journal Articles',1,'','','Carmelo Ardito, Rosa Lanzilotti, Maria Francesca Costabile, Giuseppe Desolda, ',2,'2018-02-09 06:23:22','2018-02-09 06:23:22'),(31,'Personal information spaces in the context of visits to archaeological parks.',2013,'','','','Conference and Workshop Papers',1,'','','Carmelo Ardito, Maria Francesca Costabile, Giuseppe Desolda, Rosa Lanzilotti, Maristella Matera, Antonio Piccinno, Matteo Picozzi, ',2,'2018-02-09 06:23:22','2018-02-09 06:23:22'),(32,'Empowering End Users to Customize their Smart Environments - Model, Composition Paradigms, and Domain-Specific Tools.',2017,'','','','Journal Articles',0,NULL,NULL,'Giuseppe Desolda, Carmelo Ardito, Maristella Matera,',3,'2018-02-09 06:24:44','2018-02-11 16:45:37'),(33,'End-user composition of interactive applications through actionable UI components.',2017,'','','','Journal Articles',1,'','','Giuseppe Desolda, Carmelo Ardito, Maria Francesca Costabile, Maristella Matera, ',3,'2018-02-09 06:24:44','2018-02-09 06:24:44'),(34,'Advanced Interaction Paradigms to Define Smart Visit Experiences in the Internet of Things Era.',2017,'','','','Conference and Workshop Papers',1,'','','Carmelo Ardito, Giuseppe Desolda, Rosa Lanzilotti, Alessio Malizia, Maristella Matera, ',3,'2018-02-09 06:24:44','2018-02-09 06:24:44'),(35,'Integrating a SCRUM-Based Process with Human Centred Design - An Experience from an Action Research Study.',2017,'','','','Conference and Workshop Papers',1,'','','Carmelo Ardito, Maria Teresa Baldassarre, Danilo Caivano, Rosa Lanzilotti, ',3,'2018-02-09 06:24:44','2018-02-09 06:24:44'),(36,'Specification of Complex Logical Expressions for Task Automation - An EUD Approach.',2017,'','','','Conference and Workshop Papers',1,'','','Giuseppe Desolda, Carmelo Ardito, Maristella Matera, ',3,'2018-02-09 06:24:44','2018-02-09 06:24:44'),(37,'Empowering CH Experts to Produce IoT-enhanced Visits.',2017,'','','','Conference and Workshop Papers',1,'','','Carmelo Ardito, Paolo Buono, Giuseppe Desolda, Maristella Matera, ',3,'2018-02-09 06:24:44','2018-02-09 06:24:44'),(38,'Proceedings of the 12th Biannual Conference on Italian SIGCHI Chapter, CHItaly 2017, Cagliari, Italy, September 18 - 20, 2017',2017,'','','','Editorship',1,'','','Fabio Paternò, Lucio Davide Spano, Carmelo Ardito, Carmen Santoro, ',3,'2018-02-09 06:24:44','2018-02-09 06:24:44'),(39,'SERVE - Smart Ecosystems cReation by Visual dEsign Authoring Internet of Things and Smart Objects Applications.',2016,'','','','Conference and Workshop Papers',1,'','','Carmelo Ardito, Andrea Bellucci, Giuseppe Desolda, Monica Divitini, Simone Mora, ',3,'2018-02-09 06:24:44','2018-02-09 06:24:44'),(40,'A Meta-design Approach to Support Information Access and Manipulation in Virtual Research Environments.',2016,'','','','Conference and Workshop Papers',1,'','','Carmelo Ardito, Maria Francesca Costabile, Giuseppe Desolda, Maristella Matera, Paolo Buono, ',3,'2018-02-09 06:24:44','2018-02-09 06:24:44'),(41,'A Visual Paradigm for Defining Task Automation.',2016,'','','','Conference and Workshop Papers',1,'','','Carmelo Ardito, Giuseppe Desolda, Maristella Matera, ',3,'2018-02-09 06:24:44','2018-02-09 06:24:44'),(42,'Exploiting Visual Notations for Data Exploration - The EFESTO Platform.',2016,'','','','Conference and Workshop Papers',1,'','','Carmelo Ardito, Giuseppe Desolda, Maristella Matera, Maria Francesca Costabile, ',3,'2018-02-09 06:24:44','2018-02-09 06:24:44'),(43,'Distributing the User Interface Logics along Actionable Components - the EFESTO Approach.',2016,'','','','Conference and Workshop Papers',1,'','','Carmelo Ardito, Maristella Matera, Maria Francesca Costabile, Giuseppe Desolda, ',3,'2018-02-09 06:24:44','2018-02-09 06:24:44'),(44,'Supporting professional guides to create personalized visit experiences.',2016,'','','','Conference and Workshop Papers',1,'','','Carmelo Ardito, Maria Francesca Costabile, Giuseppe Desolda, Maristella Matera, ',3,'2018-02-09 06:24:44','2018-02-09 06:24:44'),(45,'End-User Development for the Internet of Things - EFESTO and the 5W Composition Paradigm.',2016,'','','','Conference and Workshop Papers',1,'','','Giuseppe Desolda, Carmelo Ardito, Maristella Matera, ',3,'2018-02-09 06:24:44','2018-02-09 06:24:44'),(46,'Integration of Human-Centred Design and Agile Software Development Practices - Experience Report from a SME.',2016,'','','','Parts in Books or Collections',1,'','','Carmelo Ardito, Maria Teresa Baldassarre, Danilo Caivano, Rosa Lanzilotti, ',3,'2018-02-09 06:24:44','2018-02-09 06:24:44'),(47,'Proceedings of the First International Workshop on Smart Ecosystems cReation by Visual dEsign co-located with the International Working Conference on Advanced Visual Interfaces (AVI 2016), Bari, Italy, June 07, 2016.',2016,'','','','Editorship',1,'','','Carmelo Ardito, Andrea Bellucci, Giuseppe Desolda, Monica Divitini, Simone Mora, ',3,'2018-02-09 06:24:44','2018-02-09 06:24:44'),(48,'Interaction with Large Displays - A Survey.',2015,'','','','Journal Articles',1,'','','Carmelo Ardito, Paolo Buono, Maria Francesca Costabile, Giuseppe Desolda, ',3,'2018-02-09 06:24:44','2018-02-09 06:24:44'),(49,'On the transferability of a meta-design model supporting end-user development.',2015,'','','','Journal Articles',1,'','','Carmelo Ardito, Paolo Buono, Maria Francesca Costabile, Rosa Lanzilotti, Antonio Piccinno, Li Zhu, ',3,'2018-02-09 06:24:44','2018-02-09 06:24:44'),(50,'DMS2015-26 - Pupils&apos; collaboration around a large display.',2015,'','','','Journal Articles',1,'','','Rosa Lanzilotti, Carmelo Ardito, Maria Francesca Costabile, Antonella De Angeli, Giuseppe Desolda, ',3,'2018-02-09 06:24:44','2018-02-09 06:24:44'),(51,'New perspectives to improve quality, efficacy and appeal of HCI courses.',2015,'','','','Conference and Workshop Papers',1,'','','Carmelo Ardito, Rosa Lanzilotti, Roberto Polillo, Lucio Davide Spano, Massimo Zancanaro, ',3,'2018-02-09 06:24:44','2018-02-09 06:24:44'),(52,'Pupils&apos; collaboration around a large display.',2015,'','','','Conference and Workshop Papers',1,'','','Rosa Lanzilotti, Carmelo Ardito, Maria Francesca Costabile, Antonella De Angeli, Giuseppe Desolda, ',3,'2018-02-09 06:24:44','2018-02-09 06:24:44'),(53,'EFESTO - A Platform for the End-User Development of Interactive Workspaces for Data Exploration.',2015,'','','','Conference and Workshop Papers',1,'','','Giuseppe Desolda, Carmelo Ardito, Maristella Matera, ',3,'2018-02-09 06:24:45','2018-02-09 06:24:45'),(54,'Making Mashups Actionable Through Elastic Design Principles.',2015,'','','','Conference and Workshop Papers',1,'','','Carmelo Ardito, Maria Francesca Costabile, Giuseppe Desolda, Markus Latzina, Maristella Matera, ',3,'2018-02-09 06:24:45','2018-02-09 06:24:45'),(55,'Hands-on Actionable Mashups.',2015,'','','','Conference and Workshop Papers',1,'','','Carmelo Ardito, Maria Francesca Costabile, Giuseppe Desolda, Markus Latzina, Maristella Matera, ',3,'2018-02-09 06:24:45','2018-02-09 06:24:45'),(56,'End-User Development - 5th International Symposium, IS-EUD 2015, Madrid, Spain, May 26-29, 2015. Proceedings',2015,'','','','Editorship',1,'','','Paloma Díaz, Volkmar Pipek, Carmelo Ardito, Carlos Jensen, Ignacio Aedo, Alexander Boden, ',3,'2018-02-09 06:24:45','2018-02-09 06:24:45'),(57,'Human-Centered Design in Industry - Lessons from the Trenches.',2014,'','','','Journal Articles',1,'','','Carmelo Ardito, Paolo Buono, Danilo Caivano, Maria Francesca Costabile, Rosa Lanzilotti, Yvonne Dittrich, ',3,'2018-02-09 06:24:45','2018-02-09 06:24:45'),(58,'Business Process Design Meets Business Practices Through Enterprise Patterns - A Case Study.',2014,'','','','Journal Articles',1,'','','Carmelo Ardito, Ugo Barchetti, Antonio Capodieci, Anna Lisa Guido, Luca Mainetti, ',3,'2018-02-09 06:24:45','2018-02-09 06:24:45'),(59,'Investigating and promoting UX practice in industry - An experimental study.',2014,'','','','Journal Articles',1,'','','Carmelo Ardito, Paolo Buono, Danilo Caivano, Maria Francesca Costabile, Rosa Lanzilotti, ',3,'2018-02-09 06:24:45','2018-02-09 06:24:45'),(60,'Creation and use of service-based Distributed Interactive Workspaces.',2014,'','','','Journal Articles',1,'','','Carmelo Ardito, Paolo Bottoni, Maria Francesca Costabile, Giuseppe Desolda, Maristella Matera, Matteo Picozzi, ',3,'2018-02-09 06:24:45','2018-02-09 06:24:45'),(61,'User-driven visual composition of service-based interactive spaces.',2014,'','','','Journal Articles',1,'','','Carmelo Ardito, Maria Francesca Costabile, Giuseppe Desolda, Rosa Lanzilotti, Maristella Matera, Antonio Piccinno, Matteo Picozzi, ',3,'2018-02-09 06:24:45','2018-02-09 06:24:45'),(62,'An approach to usability evaluation of e-learning applications.',2006,'','','','Journal Articles',1,'','','Carmelo Ardito, Maria Francesca Costabile, Maria De Marsico, Rosa Lanzilotti, Stefano Levialdi, Teresa Roselli, Veronica Rossano, ',4,'2018-02-09 06:27:23','2018-02-09 06:27:23'),(63,'On the Usability Evaluation of E-Learning Applications.',2005,'','','','Conference and Workshop Papers',1,'','','Maria Francesca Costabile, Maria De Marsico, Rosa Lanzilotti, Vito Leonardo Plantamura, Teresa Roselli, ',4,'2018-02-09 06:27:23','2018-02-09 06:27:23'),(64,'Towards Guidelines for Usability of e-Learning Applications.',2004,'','','','Conference and Workshop Papers',1,'','','Carmelo Ardito, Maria Francesca Costabile, Marilena De Marsico, Rosa Lanzilotti, Stefano Levialdi, Paola Plantamura, Teresa Roselli, Veronica Rossano, Manuela Tersigni, ',4,'2018-02-09 06:27:23','2018-02-09 06:27:23'),(65,'Adoption and Use of Software in Land Use Planning Practice - A Multiple-Country Study.',2018,'','','','Journal Articles',1,'','','Patrizia Russo, Rosa Lanzilotti, Maria Francesca Costabile, Christopher J. Pettit, ',4,'2018-02-09 06:27:23','2018-02-09 06:27:23'),(66,'Towards satisfying practitioners in using Planning Support Systems.',2018,'','','','Journal Articles',1,'','','Patrizia Russo, Rosa Lanzilotti, Maria Francesca Costabile, Christopher J. Pettit, ',4,'2018-02-09 06:27:23','2018-02-09 06:27:23'),(67,'End-user composition of interactive applications through actionable UI components.',2017,'','','','Journal Articles',1,'','','Giuseppe Desolda, Carmelo Ardito, Maria Francesca Costabile, Maristella Matera, ',4,'2018-02-09 06:27:23','2018-02-09 06:27:23'),(68,'A Meta-design Approach to Support Information Access and Manipulation in Virtual Research Environments.',2016,'','','','Conference and Workshop Papers',1,'','','Carmelo Ardito, Maria Francesca Costabile, Giuseppe Desolda, Maristella Matera, Paolo Buono, ',4,'2018-02-09 06:27:23','2018-02-09 06:27:23'),(69,'Exploiting Visual Notations for Data Exploration - The EFESTO Platform.',2016,'','','','Conference and Workshop Papers',1,'','','Carmelo Ardito, Giuseppe Desolda, Maristella Matera, Maria Francesca Costabile, ',4,'2018-02-09 06:27:23','2018-02-09 06:27:23'),(70,'Distributing the User Interface Logics along Actionable Components - the EFESTO Approach.',2016,'','','','Conference and Workshop Papers',1,'','','Carmelo Ardito, Maristella Matera, Maria Francesca Costabile, Giuseppe Desolda, ',4,'2018-02-09 06:27:23','2018-02-09 06:27:23'),(71,'Supporting professional guides to create personalized visit experiences.',2016,'','','','Conference and Workshop Papers',1,'','','Carmelo Ardito, Maria Francesca Costabile, Giuseppe Desolda, Maristella Matera, ',4,'2018-02-09 06:27:23','2018-02-09 06:27:23'),(72,'Building Data Sources with Linked Open Data to Enrich Mashup Platforms.',2016,'','','','Conference and Workshop Papers',1,'','','Giuseppe Desolda, Maria Francesca Costabile, ',4,'2018-02-09 06:27:23','2018-02-09 06:27:23'),(73,'Proceedings of the International Working Conference on Advanced Visual Interfaces, AVI 2016, Bari, Italy, June 7-10, 2016',2016,'','','','Editorship',1,'','','Paolo Buono, Rosa Lanzilotti, Maristella Matera, Maria Francesca Costabile, ',4,'2018-02-09 06:27:23','2018-02-09 06:27:23'),(74,'Interaction with Large Displays - A Survey.',2015,'','','','Journal Articles',1,'','','Carmelo Ardito, Paolo Buono, Maria Francesca Costabile, Giuseppe Desolda, ',4,'2018-02-09 06:27:23','2018-02-09 06:27:23'),(75,'On the transferability of a meta-design model supporting end-user development.',2015,'','','','Journal Articles',1,'','','Carmelo Ardito, Paolo Buono, Maria Francesca Costabile, Rosa Lanzilotti, Antonio Piccinno, Li Zhu, ',4,'2018-02-09 06:27:23','2018-02-09 06:27:23'),(76,'In memory of Prof. Stefano Levialdi - 1936-2015.',2015,'','','','Journal Articles',1,'','','Maria Francesca Costabile, ',4,'2018-02-09 06:27:24','2018-02-09 06:27:24'),(77,'DMS2015-26 - Pupils&apos; collaboration around a large display.',2015,'','','','Journal Articles',1,'','','Rosa Lanzilotti, Carmelo Ardito, Maria Francesca Costabile, Antonella De Angeli, Giuseppe Desolda, ',4,'2018-02-09 06:27:24','2018-02-09 06:27:24'),(78,'Pupils&apos; collaboration around a large display.',2015,'','','','Conference and Workshop Papers',1,'','','Rosa Lanzilotti, Carmelo Ardito, Maria Francesca Costabile, Antonella De Angeli, Giuseppe Desolda, ',4,'2018-02-09 06:27:24','2018-02-09 06:27:24'),(79,'Making Mashups Actionable Through Elastic Design Principles.',2015,'','','','Conference and Workshop Papers',1,'','','Carmelo Ardito, Maria Francesca Costabile, Giuseppe Desolda, Markus Latzina, Maristella Matera, ',4,'2018-02-09 06:27:24','2018-02-09 06:27:24'),(80,'Hands-on Actionable Mashups.',2015,'','','','Conference and Workshop Papers',1,'','','Carmelo Ardito, Maria Francesca Costabile, Giuseppe Desolda, Markus Latzina, Maristella Matera, ',4,'2018-02-09 06:27:24','2018-02-09 06:27:24'),(81,'Human-Centered Design in Industry - Lessons from the Trenches.',2014,'','','','Journal Articles',1,'','','Carmelo Ardito, Paolo Buono, Danilo Caivano, Maria Francesca Costabile, Rosa Lanzilotti, Yvonne Dittrich, ',4,'2018-02-09 06:27:24','2018-02-09 06:27:24'),(82,'Investigating and promoting UX practice in industry - An experimental study.',2014,'','','','Journal Articles',1,'','','Carmelo Ardito, Paolo Buono, Danilo Caivano, Maria Francesca Costabile, Rosa Lanzilotti, ',4,'2018-02-09 06:27:24','2018-02-09 06:27:24'),(83,'Creation and use of service-based Distributed Interactive Workspaces.',2014,'','','','Journal Articles',1,'','','Carmelo Ardito, Paolo Bottoni, Maria Francesca Costabile, Giuseppe Desolda, Maristella Matera, Matteo Picozzi, ',4,'2018-02-09 06:27:24','2018-02-09 06:27:24'),(84,'User-driven visual composition of service-based interactive spaces.',2014,'','','','Journal Articles',1,'','','Carmelo Ardito, Maria Francesca Costabile, Giuseppe Desolda, Rosa Lanzilotti, Maristella Matera, Antonio Piccinno, Matteo Picozzi, ',4,'2018-02-09 06:27:24','2018-02-09 06:27:24'),(85,'Gestures that people can understand and use.',2014,'','','','Journal Articles',1,'','','Carmelo Ardito, Maria Francesca Costabile, Hans-Christian Jetter, ',4,'2018-02-09 06:27:24','2018-02-09 06:27:24'),(86,'A circular visualization of people&apos;s activities in distributed teams.',2014,'','','','Journal Articles',1,'','','Paolo Buono, Maria Francesca Costabile, Rosa Lanzilotti, ',4,'2018-02-09 06:27:24','2018-02-09 06:27:24'),(87,'Visual composition of data sources by end users.',2014,'','','','Conference and Workshop Papers',1,'','','Carmelo Ardito, Maria Francesca Costabile, Giuseppe Desolda, Rosa Lanzilotti, Maristella Matera, Matteo Picozzi, ',4,'2018-02-09 06:27:24','2018-02-09 06:27:24'),(88,'Creation and Use of Service-based Distributed Interactive Workspaces.',2014,'','','','Conference and Workshop Papers',1,'','','Carmelo Ardito, Paolo Bottoni, Maria Francesca Costabile, Giuseppe Desolda, Maristella Matera, Matteo Picozzi, ',4,'2018-02-09 06:27:24','2018-02-09 06:27:24'),(89,'A Circular Visualization of People&apos;s Activities in Distributed Teams.',2014,'','','','Conference and Workshop Papers',1,'','','Paolo Buono, Maria Francesca Costabile, Rosa Lanzilotti, ',4,'2018-02-09 06:27:24','2018-02-09 06:27:24'),(90,'Integrating Traditional Learning and Games on Large Displays - An Experimental Study.',2013,'','','','Journal Articles',1,'','','Carmelo Ardito, Rosa Lanzilotti, Maria Francesca Costabile, Giuseppe Desolda, ',4,'2018-02-09 06:27:24','2018-02-09 06:27:24'),(91,'Personal information spaces in the context of visits to archaeological parks.',2013,'','','','Conference and Workshop Papers',1,'','','Carmelo Ardito, Maria Francesca Costabile, Giuseppe Desolda, Rosa Lanzilotti, Maristella Matera, Antonio Piccinno, Matteo Picozzi, ',4,'2018-02-09 06:27:24','2018-02-09 06:27:24'),(92,'Leveraging correlation across space and time to interpolate geophysical data via CoKriging.',2018,'','','','Journal Articles',1,'','','Sonja Pravilovic, Annalisa Appice, Donato Malerba, ',5,'2018-02-09 09:24:03','2018-02-09 09:24:03'),(93,'Towards mining the organizational structure of a dynamic event scenario.',2018,'','','','Journal Articles',1,'','','Annalisa Appice, ',5,'2018-02-09 09:24:03','2018-02-09 09:24:03'),(94,'Relational Data Mining in the Era of Big Data.',2018,'','','','Parts in Books or Collections',1,'','','Annalisa Appice, Michelangelo Ceci, Donato Malerba, ',5,'2018-02-09 09:24:03','2018-02-09 09:24:03'),(95,'Using multiple time series analysis for geosensor data forecasting.',2017,'','','','Journal Articles',1,'','','Sonja Pravilovic, Massimo Bilancia, Annalisa Appice, Donato Malerba, ',5,'2018-02-09 09:24:03','2018-02-09 09:24:03'),(96,'A novel spectral-spatial co-training algorithm for the transductive classification of hyperspectral imagery data.',2017,'','','','Journal Articles',1,'','','Annalisa Appice, Pietro Guccione, Donato Malerba, ',5,'2018-02-09 09:24:03','2018-02-09 09:24:03'),(97,'Sampling Training Data for Accurate Hyperspectral Image Classification via Tree-Based Spatial Clustering.',2017,'','','','Conference and Workshop Papers',1,'','','Annalisa Appice, Sonja Pravilovic, Donato Malerba, Antonietta Lanza, ',5,'2018-02-09 09:24:03','2018-02-09 09:24:03'),(98,'Foundations of Intelligent Systems - 23rd International Symposium, ISMIS 2017, Warsaw, Poland, June 26-29, 2017, Proceedings',2017,'','','','Editorship',1,'','','Marzena Kryszkiewicz, Annalisa Appice, Dominik Slezak, Henryk Rybinski, Andrzej Skowron, Zbigniew W. Ras, ',5,'2018-02-09 09:24:03','2018-02-09 09:24:03'),(99,'New Frontiers in Mining Complex Patterns - 5th International Workshop, NFMCP 2016, Held in Conjunction with ECML-PKDD 2016, Riva del Garda, Italy, September 19, 2016, Revised Selected Papers',2017,'','','','Editorship',1,'','','Annalisa Appice, Michelangelo Ceci, Corrado Loglisci, Elio Masciari, Zbigniew W. Ras, ',5,'2018-02-09 09:24:03','2018-02-09 09:24:03'),(100,'Recent advances in mining patterns from complex data.',2016,'','','','Journal Articles',1,'','','Annalisa Appice, Michelangelo Ceci, Corrado Loglisci, Giuseppe Manco, Elio Masciari, ',5,'2018-02-09 09:24:03','2018-02-09 09:24:03'),(101,'Collective regression for handling autocorrelation of network data in a transductive setting.',2016,'','','','Journal Articles',1,'','','Corrado Loglisci, Annalisa Appice, Donato Malerba, ',5,'2018-02-09 09:24:03','2018-02-09 09:24:03'),(102,'Transductive hyperspectral image classification - toward integrating spectral and relational features via an iterative ensemble system.',2016,'','','','Journal Articles',1,'','','Annalisa Appice, Pietro Guccione, Donato Malerba, ',5,'2018-02-09 09:24:03','2018-02-09 09:24:03'),(103,'A Co-Training Strategy for Multiple View Clustering in Process Mining.',2016,'','','','Journal Articles',1,'','','Annalisa Appice, Donato Malerba, ',5,'2018-02-09 09:24:04','2018-02-09 09:24:04'),(104,'Exploiting Spatial Correlation of Spectral Signature for Training Data Selection in Hyperspectral Image Classification.',2016,'','','','Conference and Workshop Papers',1,'','','Annalisa Appice, Pietro Guccione, ',5,'2018-02-09 09:24:04','2018-02-09 09:24:04'),(105,'Anomaly detection in aerospace product manufacturing - Initial remarks.',2016,'','','','Conference and Workshop Papers',1,'','','Anna Maria Crespino, Angelo Corallo, Mariangela Lazoi, Donato Barbagallo, Annalisa Appice, Donato Malerba, ',5,'2018-02-09 09:24:04','2018-02-09 09:24:04'),(106,'Summarizing numeric spatial data streams by trend cluster discovery.',2015,'','','','Journal Articles',1,'','','Annalisa Appice, Anna Ciampi, Donato Malerba, ',5,'2018-02-09 09:24:04','2018-02-09 09:24:04'),(107,'Iterative Hyperspectral Image Classification Using Spectral-Spatial Relational Features.',2015,'','','','Journal Articles',1,'','','Pietro Guccione, Luigi Mascolo, Annalisa Appice, ',5,'2018-02-09 09:24:04','2018-02-09 09:24:04'),(108,'Very Short-Term Wind Speed Forecasting Using Spatio-Temporal Lazy Learning.',2015,'','','','Conference and Workshop Papers',1,'','','Annalisa Appice, Sonja Pravilovic, Antonietta Lanza, Donato Malerba, ',5,'2018-02-09 09:24:04','2018-02-09 09:24:04'),(109,'Discovering and Tracking Organizational Structures in Event Logs.',2015,'','','','Conference and Workshop Papers',1,'','','Annalisa Appice, Marco Di Pietro, Claudio Greco 0002, Donato Malerba, ',5,'2018-02-09 09:24:04','2018-02-09 09:24:04'),(110,'New Frontiers in Mining Complex Patterns - Third International Workshop, NFMCP 2014, Held in Conjunction with ECML-PKDD 2014, Nancy, France, September 19, 2014, Revised Selected Papers',2015,'','','','Editorship',1,'','','Annalisa Appice, Michelangelo Ceci, Corrado Loglisci, Giuseppe Manco, Elio Masciari, Zbigniew W. Ras, ',5,'2018-02-09 09:24:04','2018-02-09 09:24:04'),(111,'Machine Learning and Knowledge Discovery in Databases - European Conference, ECML PKDD 2015, Porto, Portugal, September 7-11, 2015, Proceedings, Part I',2015,'','','','Editorship',1,'','','Annalisa Appice, Pedro Pereira Rodrigues, Vítor Santos Costa, Carlos Soares, João Gama, Alípio Jorge, ',5,'2018-02-09 09:24:04','2018-02-09 09:24:04'),(112,'Machine Learning and Knowledge Discovery in Databases - European Conference, ECML PKDD 2015, Porto, Portugal, September 7-11, 2015, Proceedings, Part II',2015,'','','','Editorship',1,'','','Annalisa Appice, Pedro Pereira Rodrigues, Vítor Santos Costa, João Gama, Alípio Jorge, Carlos Soares, ',5,'2018-02-09 09:24:04','2018-02-09 09:24:04'),(113,'Data Mining Techniques in Sensor Networks - Summarization, Interpolation and Surveillance.',2014,'','','','Books and Theses',1,'','','Annalisa Appice, Anna Ciampi, Fabio Fumarola, Donato Malerba, ',5,'2018-02-09 09:24:04','2018-02-09 09:24:04'),(114,'Leveraging the power of local spatial autocorrelation in geophysical interpolative clustering.',2014,'','','','Journal Articles',1,'','','Annalisa Appice, Donato Malerba, ',5,'2018-02-09 09:24:04','2018-02-09 09:24:04'),(115,'Multi-Relational Model Tree Induction Tightly-Coupled with a Relational Database.',2014,'','','','Journal Articles',1,'','','Annalisa Appice, Michelangelo Ceci, Donato Malerba, ',5,'2018-02-09 09:24:04','2018-02-09 09:24:04'),(116,'Dealing with temporal and spatial correlations to classify outliers in geophysical data streams.',2014,'','','','Journal Articles',1,'','','Annalisa Appice, Pietro Guccione, Donato Malerba, Anna Ciampi, ',5,'2018-02-09 09:24:04','2018-02-09 09:24:04'),(117,'Mining complex patterns.',2014,'','','','Journal Articles',1,'','','Annalisa Appice, Michelangelo Ceci, Corrado Loglisci, Elio Masciari, Giuseppe Manco, ',5,'2018-02-09 09:24:04','2018-02-09 09:24:04'),(118,'Wind Power Forecasting Using Time Series Cluster Analysis.',2014,'','','','Conference and Workshop Papers',1,'','','Sonja Pravilovic, Annalisa Appice, Antonietta Lanza, Donato Malerba, ',5,'2018-02-09 09:24:04','2018-02-09 09:24:04'),(119,'A Business Intelligence Solution for Monitoring Efficiency of Photovoltaic Power Plants.',2014,'','','','Conference and Workshop Papers',1,'','','Fabio Fumarola, Annalisa Appice, Donato Malerba, ',5,'2018-02-09 09:24:04','2018-02-09 09:24:04'),(120,'Collective Inference for Handling Autocorrelation in Network Regression.',2014,'','','','Conference and Workshop Papers',1,'','','Corrado Loglisci, Annalisa Appice, Donato Malerba, ',5,'2018-02-09 09:24:04','2018-02-09 09:24:04'),(121,'Integrating Cluster Analysis to the ARIMA Model for Forecasting Geosensor Data.',2014,'','','','Conference and Workshop Papers',1,'','','Sonja Pravilovic, Annalisa Appice, Donato Malerba, ',5,'2018-02-09 09:24:04','2018-02-09 09:24:04'),(122,'A new solution to deal with Spectre and Meltdown on your computer',2018,'','','','Research paper',1,'intel, spectre and meltdown','This paper describes a new solution to deal with Spectre and Meltdown that is based on the innovative application of big data mining.',NULL,5,'2018-02-09 09:34:36','2018-02-09 09:34:36'),(123,'Data Mining proving prova',2017,'','','','Research paper',1,'intel, spectre and meltdown','Intel, spectre and meltdown','Pierpasquale Colagrande, Daniele Monaco',2,'2018-02-10 14:50:28','2018-02-10 14:50:28'),(125,'Predictive monitoring of train wagons conditions using wireless network technologies.',2013,'','','','Conference and Workshop Papers',1,'','','Mirko Franceschinis, Francesco Mauro, Claudio Pastrone, Maurizio A. Spirito, Mario Rossi, ',12,'2018-02-12 06:52:21','2018-02-12 06:52:21'),(126,'The Designed Interface of Holograms',2018,'','','','Research paper',1,NULL,NULL,NULL,11,'2018-02-12 06:54:56','2018-02-12 06:54:56'),(127,'Empowering CH Experts to Produce IoT-enhanced Visits.',2017,'','','','Conference and Workshop Papers',1,'','','Carmelo Ardito, Paolo Buono, Giuseppe Desolda, Maristella Matera, ',13,'2018-02-12 07:16:42','2018-02-12 07:16:42'),(128,'A Meta-design Approach to Support Information Access and Manipulation in Virtual Research Environments.',2016,'','','','Conference and Workshop Papers',1,'','','Carmelo Ardito, Maria Francesca Costabile, Giuseppe Desolda, Maristella Matera, Paolo Buono, ',13,'2018-02-12 07:16:42','2018-02-12 07:16:42'),(129,'A Circular Visualization Technique for Collaboration and Quantifying Self.',2016,'','','','Conference and Workshop Papers',1,'','','Paolo Buono, ',13,'2018-02-12 07:16:42','2018-02-12 07:16:42'),(130,'Visualizing Transportation Routes for Data Analysis in Logistics.',2016,'','','','Conference and Workshop Papers',1,'','','Paolo Buono, ',13,'2018-02-12 07:16:42','2018-02-12 07:16:42'),(131,'Proceedings of the International Working Conference on Advanced Visual Interfaces, AVI 2016, Bari, Italy, June 7-10, 2016',2016,'','','','Editorship',1,'','','Paolo Buono, Rosa Lanzilotti, Maristella Matera, Maria Francesca Costabile, ',13,'2018-02-12 07:16:42','2018-02-12 07:16:42'),(132,'Interaction with Large Displays - A Survey.',2015,'','','','Journal Articles',1,'','','Carmelo Ardito, Paolo Buono, Maria Francesca Costabile, Giuseppe Desolda, ',13,'2018-02-12 07:16:42','2018-02-12 07:16:42'),(133,'On the transferability of a meta-design model supporting end-user development.',2015,'','','','Journal Articles',1,'','','Carmelo Ardito, Paolo Buono, Maria Francesca Costabile, Rosa Lanzilotti, Antonio Piccinno, Li Zhu, ',13,'2018-02-12 07:16:42','2018-02-12 07:16:42'),(134,'A Low Cost System for Home Energy Consumption Awareness.',2015,'','','','Conference and Workshop Papers',1,'','','Paolo Buono, ',13,'2018-02-12 07:16:42','2018-02-12 07:16:42'),(135,'A collaborative framework for supporting combined visualization of activities across time zones.',2015,'','','','Conference and Workshop Papers',1,'','','Paolo Buono, Alfredo Cuzzocrea, ',13,'2018-02-12 07:16:42','2018-02-12 07:16:42'),(136,'Human-Centered Design in Industry - Lessons from the Trenches.',2014,'','','','Journal Articles',1,'','','Carmelo Ardito, Paolo Buono, Danilo Caivano, Maria Francesca Costabile, Rosa Lanzilotti, Yvonne Dittrich, ',13,'2018-02-12 07:16:42','2018-02-12 07:16:42'),(137,'Investigating and promoting UX practice in industry - An experimental study.',2014,'','','','Journal Articles',1,'','','Carmelo Ardito, Paolo Buono, Danilo Caivano, Maria Francesca Costabile, Rosa Lanzilotti, ',13,'2018-02-12 07:16:42','2018-02-12 07:16:42'),(138,'A circular visualization of people&apos;s activities in distributed teams.',2014,'','','','Journal Articles',1,'','','Paolo Buono, Maria Francesca Costabile, Rosa Lanzilotti, ',13,'2018-02-12 07:16:42','2018-02-12 07:16:42'),(139,'Visualizing collaborative traces in distributed teams.',2014,'','','','Conference and Workshop Papers',1,'','','Paolo Buono, Giuseppe Desolda, ',13,'2018-02-12 07:16:42','2018-02-12 07:16:42'),(140,'A Circular Visualization of People&apos;s Activities in Distributed Teams.',2014,'','','','Conference and Workshop Papers',1,'','','Paolo Buono, Maria Francesca Costabile, Rosa Lanzilotti, ',13,'2018-02-12 07:16:42','2018-02-12 07:16:42'),(141,'Scenes extraction from videos of telementored surgeries.',2013,'','','','Conference and Workshop Papers',1,'','','Paolo Buono, Giuseppe Desolda, Rosa Lanzilotti, ',13,'2018-02-12 07:16:42','2018-02-12 07:16:42'),(142,'End users as co-designers of their own tools and products.',2012,'','','','Journal Articles',1,'','','Carmelo Ardito, Paolo Buono, Maria Francesca Costabile, Rosa Lanzilotti, Antonio Piccinno, ',13,'2018-02-12 07:16:42','2018-02-12 07:16:42'),(143,'Insights on the development of visual tools for analysis of pollution data.',2012,'','','','Conference and Workshop Papers',1,'','','Paolo Buono, Maria Francesca Costabile, ',13,'2018-02-12 07:16:43','2018-02-12 07:16:43'),(144,'Are Software Companies Aware of UX?',2012,'','','','Conference and Workshop Papers',1,'','','Carmelo Ardito, Paolo Buono, Maria Francesca Costabile, Rosa Lanzilotti, ',13,'2018-02-12 07:16:43','2018-02-12 07:16:43'),(145,'Principles for Human-Centred Design of IR Interfaces.',2012,'','','','Conference and Workshop Papers',1,'','','Maria Francesca Costabile, Paolo Buono, ',13,'2018-02-12 07:16:43','2018-02-12 07:16:43'),(146,'Research directions in data wrangling - Visualizations and transformations for usable and credible data.',2011,'','','','Journal Articles',1,'','','Sean Kandel, Jeffrey Heer, Catherine Plaisant, Jessie Kennedy, Frank van Ham, Nathalie Henry Riche, Chris Weaver, Bongshin Lee, Dominique Brodbeck, Paolo Buono, ',13,'2018-02-12 07:16:43','2018-02-12 07:16:43'),(147,'Involving end users to create software supporting visits to cultural heritage sites.',2011,'','','','Conference and Workshop Papers',1,'','','Carmelo Ardito, Paolo Buono, Maria Francesca Costabile, ',13,'2018-02-12 07:16:43','2018-02-12 07:16:43'),(148,'Educational games on a large multitouch screen.',2011,'','','','Conference and Workshop Papers',1,'','','Carmelo Ardito, Paolo Buono, Maria Francesca Costabile, Rosa Lanzilotti, ',13,'2018-02-12 07:16:43','2018-02-12 07:16:43'),(149,'Analyzing video produced by a stationary surveillance camera.',2011,'','','','Conference and Workshop Papers',1,'','','Paolo Buono, ',13,'2018-02-12 07:16:43','2018-02-12 07:16:43'),(150,'Visual Mediation Mechanisms for Collaborative Design and Development.',2011,'','','','Conference and Workshop Papers',1,'','','Carmelo Ardito, Barbara Rita Barricelli, Paolo Buono, Maria Francesca Costabile, Antonio Piccinno, Stefano Valtolina, Li Zhu, ',13,'2018-02-12 07:16:43','2018-02-12 07:16:43'),(151,'An Ontology-Based Approach to Product Customization.',2011,'','','','Conference and Workshop Papers',1,'','','Carmelo Ardito, Barbara Rita Barricelli, Paolo Buono, Maria Francesca Costabile, Rosa Lanzilotti, Antonio Piccinno, Stefano Valtolina, ',13,'2018-02-12 07:16:43','2018-02-12 07:16:43'),(152,'Usability evaluation - a survey of software development organizations.',2011,'','','','Conference and Workshop Papers',1,'','','Carmelo Ardito, Paolo Buono, Danilo Caivano, Maria Francesca Costabile, Rosa Lanzilotti, Anders Bruun, Jan Stage, ',13,'2018-02-12 07:16:43','2018-02-12 07:16:43'),(153,'Video abstraction and detection of anomalies by tracking movements.',2010,'','','','Conference and Workshop Papers',1,'','','Paolo Buono, Adalberto Lafcadio Simeone, ',13,'2018-02-12 07:16:43','2018-02-12 07:16:43'),(154,'Analysis of the UCD process of a web-based system.',2010,'','','','Conference and Workshop Papers',1,'','','Carmelo Ardito, Paolo Buono, Maria Francesca Costabile, ',13,'2018-02-12 07:16:43','2018-02-12 07:16:43'),(155,'Exploring Archaeological Parks by Playing Games on Mobile Devices.',2009,'','','','Journal Articles',1,'','','Carmelo Ardito, Paolo Buono, Maria Francesca Costabile, Rosa Lanzilotti, Antonio Piccinno, Adalberto Lafcadio Simeone, ',13,'2018-02-12 07:16:43','2018-02-12 07:16:43'),(156,'An Information Visualization Approach to Hospital Shifts Scheduling.',2009,'','','','Conference and Workshop Papers',1,'','','Carmelo Ardito, Paolo Buono, Maria Francesca Costabile, Rosa Lanzilotti, Adalberto Lafcadio Simeone, ',13,'2018-02-12 07:16:43','2018-02-12 07:16:43'),(157,'Rule-based tools for the configuration of ambient intelligence systems - a comparative user study.',2017,'','','','Journal Articles',1,'','','Federico Cabitza, Daniela Fogli, Rosa Lanzilotti, Antonio Piccinno, ',14,'2018-02-12 07:45:33','2018-02-12 07:45:33'),(158,'We@Home - A Gamified Application for Collaboratively Managing a Smart Home.',2017,'','','','Conference and Workshop Papers',1,'','','Danilo Caivano, Fabio Cassano, Daniela Fogli, Rosa Lanzilotti, Antonio Piccinno, ',14,'2018-02-12 07:45:33','2018-02-12 07:45:33'),(159,'3rd International Workshop on Human Factors in Software Development Processes (HuFo) - Measuring System Quality.',2017,'','','','Conference and Workshop Papers',1,'','','Silvia Mara Abrahão, Maria Teresa Baldassarre, Danilo Caivano, Yvonne Dittrich, Rosa Lanzilotti, Antonio Piccinno, ',14,'2018-02-12 07:45:33','2018-02-12 07:45:33'),(160,'Proceedings of the Fourth edition of the International Workshop on Cultures of Participation in the Digital Age - From &quot;Have to&quot; to &quot;Want to&quot; Participate co-located with the 9th Nordic Conference on Human-Computer Interaction (NordiCHI 2016), Gothenburg, Sweden, October 23, 2016.',2017,'','','','Editorship',1,'','','Barbara Rita Barricelli, Gerhard Fischer, Daniela Fogli, Anders I. Mørch, Antonio Piccinno, Stefano Valtolina, ',14,'2018-02-12 07:45:33','2018-02-12 07:45:33'),(161,'A Dynamic Approach to Medical Data Visualization and Interaction.',2016,'','','','Conference and Workshop Papers',1,'','','Vitoantonio Bevilacqua, Fabio Cassano, Giovanni Dimauro, Francesco Girardi, Antonio Piccinno, ',14,'2018-02-12 07:45:33','2018-02-12 07:45:33'),(162,'AmI@Home - A Game-Based Collaborative System for Smart Home Configuration.',2016,'','','','Conference and Workshop Papers',1,'','','Daniela Fogli, Rosa Lanzilotti, Antonio Piccinno, Paolo Tosi, ',14,'2018-02-12 07:45:33','2018-02-12 07:45:33'),(163,'End-User Development Tools for the Smart Home - A Systematic Literature Review.',2016,'','','','Conference and Workshop Papers',1,'','','Daniela Fogli, Rosa Lanzilotti, Antonio Piccinno, ',14,'2018-02-12 07:45:33','2018-02-12 07:45:33'),(164,'Cultures of Participation in the Digital Age - From &quot;Have to&quot; to &quot;Want to&quot; Participate.',2016,'','','','Conference and Workshop Papers',1,'','','Barbara Rita Barricelli, Gerhard Fischer, Daniela Fogli, Anders I. Mørch, Antonio Piccinno, Stefano Valtolina, ',14,'2018-02-12 07:45:33','2018-02-12 07:45:33'),(165,'Human Factors in Software Development Processes - Measuring System Quality.',2016,'','','','Conference and Workshop Papers',1,'','','Silvia Abrahão, Maria Teresa Baldassarre, Danilo Caivano, Yvonne Dittrich, Rosa Lanzilotti, Antonio Piccinno, ',14,'2018-02-12 07:45:33','2018-02-12 07:45:33'),(166,'Proceedings of the Second International Workshop on Cultures of Participation in the Digital Age - Social computing for Working, Learning, and Living co-located with the 2014 International Working Conference on Advanced Visual Interfaces (AVI 2014), Como, Italy, May 27, 2014.',2016,'','','','Editorship',1,'','','Barbara Rita Barricelli, Ali Gheitasy, Anders I. Mørch, Antonio Piccinno, Stefano Valtolina, ',14,'2018-02-12 07:45:33','2018-02-12 07:45:33'),(167,'Proceedings of the Third edition of the International Workshop on Cultures of Participation in the Digital Age - Coping with Information, Participation, and Collaboration Overload co-located with the Fifth International Symposium on End-User Development (IS-EUD 2015), Madrid, Spain, May 26, 2015.',2016,'','','','Editorship',1,'','','Barbara Rita Barricelli, Gerhard Fischer, Anders I. Mørch, Antonio Piccinno, Stefano Valtolina, ',14,'2018-02-12 07:45:33','2018-02-12 07:45:33'),(168,'On the transferability of a meta-design model supporting end-user development.',2015,'','','','Journal Articles',1,'','','Carmelo Ardito, Paolo Buono, Maria Francesca Costabile, Rosa Lanzilotti, Antonio Piccinno, Li Zhu, ',14,'2018-02-12 07:45:33','2018-02-12 07:45:33'),(169,'Gamification Techniques for Rule Management in Ambient Intelligence.',2015,'','','','Conference and Workshop Papers',1,'','','Francesco Benzi, Federico Cabitza, Daniela Fogli, Rosa Lanzilotti, Antonio Piccinno, ',14,'2018-02-12 07:45:33','2018-02-12 07:45:33'),(170,'End-User Development in Ambient Intelligence - a User Study.',2015,'','','','Conference and Workshop Papers',1,'','','Federico Cabitza, Daniela Fogli, Rosa Lanzilotti, Antonio Piccinno, ',14,'2018-02-12 07:45:33','2018-02-12 07:45:33'),(171,'Cultures of Participation in the Digital Age - Coping with Information, Participation, and Collaboration Overload.',2015,'','','','Conference and Workshop Papers',1,'','','Barbara Rita Barricelli, Gerhard Fischer, Anders I. Mørch, Antonio Piccinno, Stefano Valtolina, ',14,'2018-02-12 07:45:33','2018-02-12 07:45:33'),(172,'A Conceptual Framework For End-User Development in Ambient Intelligence.',2015,'','','','Conference and Workshop Papers',1,'','','Federico Cabitza, Daniela Fogli, Rosa Lanzilotti, Antonio Piccinno, ',14,'2018-02-12 07:45:33','2018-02-12 07:45:33'),(173,'Proceedings of the CHItaly 2015 Doctoral Consortium co-located with the 11th International Conference of the Italian SIGCHI Chapter (CHItaly 2015), Rome, Italy, September 28, 2015.',2015,'','','','Editorship',1,'','','Massimo Mecella, Antonio Piccinno, ',14,'2018-02-12 07:45:33','2018-02-12 07:45:33'),(174,'User-driven visual composition of service-based interactive spaces.',2014,'','','','Journal Articles',1,'','','Carmelo Ardito, Maria Francesca Costabile, Giuseppe Desolda, Rosa Lanzilotti, Maristella Matera, Antonio Piccinno, Matteo Picozzi, ',14,'2018-02-12 07:45:33','2018-02-12 07:45:33'),(175,'Fostering participation and co-evolution in sentient multimedia systems.',2014,'','','','Journal Articles',1,'','','Federico Cabitza, Daniela Fogli, Antonio Piccinno, ',14,'2018-02-12 07:45:33','2018-02-12 07:45:33'),(176,'Culture of participation in the digital age - social computing for learning, working, and living.',2014,'','','','Conference and Workshop Papers',1,'','','Barbara Rita Barricelli, Ali Gheitasy, Anders I. Mørch, Antonio Piccinno, Stefano Valtolina, ',14,'2018-02-12 07:45:33','2018-02-12 07:45:33'),(177,'Cultivating a Culture of Participation for the Co-Evolution of Users and Systems.',2014,'','','','Conference and Workshop Papers',1,'','','Federico Cabitza, Daniela Fogli, Antonio Piccinno, ',14,'2018-02-12 07:45:34','2018-02-12 07:45:34'),(178,'Fostering Participation and Co-Evolution in Sentient Multimedia Systems.',2014,'','','','Conference and Workshop Papers',1,'','','Federico Cabitza, Daniela Fogli, Antonio Piccinno, ',14,'2018-02-12 07:45:34','2018-02-12 07:45:34'),(179,'Preface.',2013,'','','','Journal Articles',1,'','','David Díez Cebollero, Anders I. Mørch, Antonio Piccinno, Stefano Valtolina, ',14,'2018-02-12 07:45:34','2018-02-12 07:45:34'),(180,'Personal information spaces in the context of visits to archaeological parks.',2013,'','','','Conference and Workshop Papers',1,'','','Carmelo Ardito, Maria Francesca Costabile, Giuseppe Desolda, Rosa Lanzilotti, Maristella Matera, Antonio Piccinno, Matteo Picozzi, ',14,'2018-02-12 07:45:34','2018-02-12 07:45:34'),(181,'Enabling End Users to Create, Annotate and Share Personal Information Spaces.',2013,'','','','Conference and Workshop Papers',1,'','','Carmelo Ardito, Paolo Bottoni, Maria Francesca Costabile, Giuseppe Desolda, Maristella Matera, Antonio Piccinno, Matteo Picozzi, ',14,'2018-02-12 07:45:34','2018-02-12 07:45:34'),(182,'Cultures of Participation in the Digital Age - Empowering End Users to Improve Their Quality of Life.',2013,'','','','Conference and Workshop Papers',1,'','','David Díez, Anders I. Mørch, Antonio Piccinno, Stefano Valtolina, ',14,'2018-02-12 07:45:34','2018-02-12 07:45:34'),(183,'Co-evolution of End-User Developers and Systems in Multi-tiered Proxy Design Problems.',2013,'','','','Conference and Workshop Papers',1,'','','Daniela Fogli, Antonio Piccinno, ',14,'2018-02-12 07:45:34','2018-02-12 07:45:34'),(184,'End users as co-designers of their own tools and products.',2012,'','','','Journal Articles',1,'','','Carmelo Ardito, Paolo Buono, Maria Francesca Costabile, Rosa Lanzilotti, Antonio Piccinno, ',14,'2018-02-12 07:45:34','2018-02-12 07:45:34'),(185,'Composition of situational interactive spaces by end users - a case for cultural heritage.',2012,'','','','Conference and Workshop Papers',1,'','','Carmelo Ardito, Maria Francesca Costabile, Giuseppe Desolda, Maristella Matera, Antonio Piccinno, Matteo Picozzi, ',14,'2018-02-12 07:45:34','2018-02-12 07:45:34'),(186,'Visual Mediation Mechanisms for Collaborative Design and Development.',2011,'','','','Conference and Workshop Papers',1,'','','Carmelo Ardito, Barbara Rita Barricelli, Paolo Buono, Maria Francesca Costabile, Antonio Piccinno, Stefano Valtolina, Li Zhu, ',14,'2018-02-12 07:45:34','2018-02-12 07:45:34'),(187,'A P300 Clustering of Mild Cognitive Impairment Patients Stimulated in an Immersive Virtual Reality Scenario.',2015,'','','','Conference and Workshop Papers',1,'','','Vitoantonio Bevilacqua, Antonio Brunetti, Davide de Biase, Giacomo Tattoli, Rosario Santoro, Gianpaolo Francesco Trotta, Fabio Cassano, Michele Pantaleo, Giuseppe Mastronardi, Fabio Ivona, Marianna Delussi, Anna Montemurno, Katia Ricci, Marina de Tommaso, ',15,'2018-02-12 09:26:27','2018-02-12 09:26:27'),(188,'We@Home - A Gamified Application for Collaboratively Managing a Smart Home.',2017,'','','','Conference and Workshop Papers',1,'','','Danilo Caivano, Fabio Cassano, Daniela Fogli, Rosa Lanzilotti, Antonio Piccinno, ',15,'2018-02-12 09:26:27','2018-02-12 09:26:27'),(189,'A Dynamic Approach to Medical Data Visualization and Interaction.',2016,'','','','Conference and Workshop Papers',1,'','','Vitoantonio Bevilacqua, Fabio Cassano, Giovanni Dimauro, Francesco Girardi, Antonio Piccinno, ',15,'2018-02-12 09:26:27','2018-02-12 09:26:27'),(190,'A novel approach to evaluate blood parameters using computer vision techniques.',2016,'','','','Conference and Workshop Papers',1,'','','Vitoantonio Bevilacqua, Giovanni Dimauro, Francescomaria Marino, Antonio Brunetti, Fabio Cassano, Antonio Di Maio, Enrico Nasca, Gianpaolo Francesco Trotta, Francesco Girardi, Angelo Ostuni, Attilio Guarini, ',15,'2018-02-12 09:26:27','2018-02-12 09:26:27'),(191,'Optimizing Feed-Forward Neural Network Topology by Multi-objective Evolutionary Algorithms - A Comparative Study on Biomedical Datasets.',2015,'','','','Conference and Workshop Papers',1,'','','Vitoantonio Bevilacqua, Fabio Cassano, Ernesto Mininno, Giovanni Iacca, ',15,'2018-02-12 09:26:27','2018-02-12 09:26:27');
/*!40000 ALTER TABLE `publications` ENABLE KEYS */;
UNLOCK TABLES;

--
-- Table structure for table `users`
--

DROP TABLE IF EXISTS `users`;
/*!40101 SET @saved_cs_client     = @@character_set_client */;
/*!40101 SET character_set_client = utf8 */;
CREATE TABLE `users` (
  `id` int(10) unsigned NOT NULL AUTO_INCREMENT,
  `name` varchar(191) COLLATE utf8mb4_unicode_ci NOT NULL,
  `cognome` varchar(191) COLLATE utf8mb4_unicode_ci NOT NULL,
  `dataNascita` date NOT NULL,
  `visibilitaDN` tinyint(1) NOT NULL DEFAULT '1',
  `email` varchar(191) COLLATE utf8mb4_unicode_ci NOT NULL,
  `visibilitaE` tinyint(1) NOT NULL DEFAULT '1',
  `nazionalita` varchar(191) COLLATE utf8mb4_unicode_ci NOT NULL,
  `visibilitaN` tinyint(1) NOT NULL DEFAULT '1',
  `affiliazione` varchar(191) COLLATE utf8mb4_unicode_ci NOT NULL,
  `dipartimento` varchar(191) COLLATE utf8mb4_unicode_ci NOT NULL,
  `linea_ricerca` varchar(191) COLLATE utf8mb4_unicode_ci NOT NULL,
  `telefono` varchar(191) COLLATE utf8mb4_unicode_ci NOT NULL,
  `visibilitaT` tinyint(1) NOT NULL DEFAULT '1',
  `immagineProfilo` varchar(191) COLLATE utf8mb4_unicode_ci DEFAULT NULL,
  `password` varchar(191) COLLATE utf8mb4_unicode_ci NOT NULL,
  `remember_token` varchar(100) COLLATE utf8mb4_unicode_ci DEFAULT NULL,
  `created_at` timestamp NULL DEFAULT NULL,
  `updated_at` timestamp NULL DEFAULT NULL,
  PRIMARY KEY (`id`),
  UNIQUE KEY `users_email_unique` (`email`)
) ENGINE=InnoDB AUTO_INCREMENT=16 DEFAULT CHARSET=utf8mb4 COLLATE=utf8mb4_unicode_ci;
/*!40101 SET character_set_client = @saved_cs_client */;

--
-- Dumping data for table `users`
--

LOCK TABLES `users` WRITE;
/*!40000 ALTER TABLE `users` DISABLE KEYS */;
INSERT INTO `users` VALUES (1,'Luigi','Manosperta','1996-07-04',1,'luigimanosperta@gmail.com',1,'Italia',1,'Università degli Studi di Bari \"Aldo Moro\"','Dipartimento di Informatica, Via Orabona, 4','Informatica','0801234567',1,'Nl8slkTGmLOqqqrb0yWOJwTBXLxf4NGbXOL09zPK.jpeg','$2y$10$u0k8r6vQlwYbJ.HigUaSSeRZWb30TWQ3qzYE/E/D2nY.e9aXhF9WO','69vCrJSED0f7eDAfbPjS1E90Q6NKy4ouxRBBSTJhJtsicy2JK71TrmCbKbq0','2018-02-09 06:10:36','2018-02-09 06:11:22'),(2,'Giuseppe','Desolda','1983-03-17',1,'giuseppe.desolda@uniba.it',1,'Italia',1,'Università degli Studi di Bari \"Aldo Moro\"','Dipartimento di Informatica, Via Orabona, 4','Informatica','0809876543',1,'YbemZl5233fjtcZCl2ZsdNZ8OnXr4qojI3jWhbK4.jpeg','$2y$10$53QPX4KmjUCyE9uUQRB45.LIYq4cjsVGJpuIWETTTzYRfx8rtGtN.','lnI8U9F0vLF6KB2kAeDRFyGThPdam5xclldwUXSJQsxIGsCt56aLjB5PX8ZT','2018-02-09 06:23:19','2018-02-12 07:02:29'),(3,'Carmelo','Ardito','1975-05-16',1,'carmelo.ardito@uniba.it',1,'Italia',1,'Università degli Studi di Bari \"Aldo Moro\"','Dipartimento di Informatica, Via Orabona, 4','Informatica','0809798675',1,NULL,'$2y$10$IkdUI8tKCX4yuulAEG0TIu2hZCJk7cvKZn12ofnHKXF363YPLCBA2','7Dv08IM7dET0KtpMQKW5mqX9PbHY6X6wLPF3VTwRXrm0dbyiGTTNIZMmPc0R','2018-02-09 06:24:43','2018-02-09 06:24:43'),(4,'Maria Francesca','Costabile','1959-07-15',1,'mariafrancescacostabile@uniba.it',1,'Italia',1,'Università degli Studi di Bari \"Aldo Moro\"','Dipartimento di Informatica, Via Orabona, 4','Informatica','0807658765',1,NULL,'$2y$10$Ro8cEx9Esbt9lwFTQ8hx1ewkGqQAxAMRMkB3FUjG.JcAOmqEZdxmm','wtCVpB6GZuKLV2CYJ9xP0qCAhro98TUIBVrbGMlTH7QoeqWw12hyxrO8gdRR','2018-02-09 06:27:22','2018-02-09 06:27:22'),(5,'Annalisa','Appice','1976-07-28',1,'annalisa.appice@uniba.it',1,'Italia',1,'Università degli Studi di Bari \"Aldo Moro\"','via Orabona 4, Dipartimento di Informatica, Bari','data mining','0805443262',1,NULL,'$2y$10$m6i.zCB8M0bOIaDMC9KJkOHeG7DQw3OHhgs31EKJ08ESERMv36C5K','qEPBXo9n4X9CwShysSzHMJ312t6CdU2mE9QxGQYV8DHi7VlJfpqwQZj5Eq8f','2018-02-09 09:24:02','2018-02-09 09:24:02'),(11,'Pierpasquale','Colagrande','1996-07-15',1,'pierpasquale.colagrande@gmail.com',1,'Italia',1,'Università degli Studi di Bari \"Aldo Moro\"','Dipartimento di Informatica, Via Orabona, 4','Informatica','0806543222',1,'ygQDVNSyIvpUT9YV5axttxJyKQ81F3lNelLiY4JT.jpeg','$2y$10$d/B9YrP9IcoTQIYvHwnOwejIWgyEfQexEiQVFFiXSO/2fcVCNBCga','270NFwL3QOQeBseH89WBZThX5j7EKjEfx6trDG7hb3ZOWdZT4hyif3DtgSYr','2018-02-11 15:58:24','2018-02-12 17:43:54'),(12,'Mario','Rossi','1976-02-18',1,'mario.rossi@gmail.com',1,'Italia',1,'Università degli Studi di Bari \"Aldo Moro\"','Dipartimento di Informatica, Via Orabona, 4','Informatica','0801234567',1,NULL,'$2y$10$wIlsWZ.1J3YVpjxp/5xJRO/9OSe3/FF4DJC7z9ocizviZZwKg1dhy','1MBEohHweDoqeasaebN4wQNKXrqIQa0sUQXFXADhKYrnI0IVVUnDV8dccTE5','2018-02-12 06:52:20','2018-02-12 06:52:20'),(13,'paolo','buono','1975-12-12',1,'paolo.buono@uniba.it',1,'Italia',1,'Università degli Studi di Bari \"Aldo Moro\"','via Orabona, 4, 70125 Bari (BA)','HCI','0805442239',1,'0sNd2IwctECdSOsa88OQlAEGiZFiUevxawfWSp8S.jpeg','$2y$10$u0k8r6vQlwYbJ.HigUaSSeRZWb30TWQ3qzYE/E/D2nY.e9aXhF9WO','GC1lKa6TRmfWqjQN9krT1MukFv6zA4RF0QTOkMnmGIGeO2rqh74ExsgRX7nK','2018-02-12 07:16:41','2018-02-12 07:23:15'),(14,'Antonio','Piccinno','1971-07-29',1,'antonio.piccinno@uniba.it',1,'Italy',1,'Università degli Studi di Bari \"Aldo Moro\"','Dip. Informatica, via Orabona 4, Bari','Human-Computer Interaction, End-User Development','+390805442235',1,'j0m6WUFyG3QTxWFuAMnIjYt8b3aqHDfOAdiclusu.jpeg','$2y$10$Cya7ee4nZ2GHXb/4mqJ7euBFfWtosIL91bVL1V/gG1UG3PiavJjqK','eARIdTFkwaW6DZ4Cp9V7H9RWGQtrB6MCK5GHuRiQIqjbQ3fBKK9KRqlGTiat','2018-02-12 07:45:31','2018-02-12 07:58:05'),(15,'Fabio','Cassano','1986-06-01',1,'fabio.cassano1@uniba.it',1,'Italia',1,'Università degli Studi di Bari \"Aldo Moro\"','via Orabona, 4, 70125 Bari (BA)','HCI','0805442239',1,'piXgNRYpJC88hNBTn8Edh2AMuuOEAtWaHLNWGb8z.jpeg','$2y$10$Nz1cIiN2F9wUu9iQvIKZE.Bofd1HCOB5fS0vGO0Jjw6oxm8pdGicG','iPibdMF8KcUNToCc7rMWOUbwMZsggAVaor3UvYpiKqedY9ZAIkagToRfLaaE','2018-02-12 09:26:26','2018-02-12 09:30:33');
/*!40000 ALTER TABLE `users` ENABLE KEYS */;
UNLOCK TABLES;

--
-- Table structure for table `usersgroups`
--

DROP TABLE IF EXISTS `usersgroups`;
/*!40101 SET @saved_cs_client     = @@character_set_client */;
/*!40101 SET character_set_client = utf8 */;
CREATE TABLE `usersgroups` (
  `idGroup` int(11) NOT NULL,
  `idUser` int(11) NOT NULL,
  `created_at` timestamp NULL DEFAULT NULL,
  `updated_at` timestamp NULL DEFAULT NULL
) ENGINE=InnoDB DEFAULT CHARSET=utf8mb4 COLLATE=utf8mb4_unicode_ci;
/*!40101 SET character_set_client = @saved_cs_client */;

--
-- Dumping data for table `usersgroups`
--

LOCK TABLES `usersgroups` WRITE;
/*!40000 ALTER TABLE `usersgroups` DISABLE KEYS */;
INSERT INTO `usersgroups` VALUES (2,4,NULL,NULL),(2,3,NULL,NULL),(2,2,NULL,NULL),(3,5,NULL,NULL),(4,11,NULL,NULL),(1,11,NULL,NULL),(1,13,NULL,NULL);
/*!40000 ALTER TABLE `usersgroups` ENABLE KEYS */;
UNLOCK TABLES;
/*!40103 SET TIME_ZONE=@OLD_TIME_ZONE */;

/*!40101 SET SQL_MODE=@OLD_SQL_MODE */;
/*!40014 SET FOREIGN_KEY_CHECKS=@OLD_FOREIGN_KEY_CHECKS */;
/*!40014 SET UNIQUE_CHECKS=@OLD_UNIQUE_CHECKS */;
/*!40101 SET CHARACTER_SET_CLIENT=@OLD_CHARACTER_SET_CLIENT */;
/*!40101 SET CHARACTER_SET_RESULTS=@OLD_CHARACTER_SET_RESULTS */;
/*!40101 SET COLLATION_CONNECTION=@OLD_COLLATION_CONNECTION */;
/*!40111 SET SQL_NOTES=@OLD_SQL_NOTES */;

-- Dump completed on 2018-02-12 20:32:44
